<manifest><control namespace="Nedbank" constructor="AdvancedAccountSearch" version="0.1.2" display-name-key="AdvancedAccountSearch" description-key="AdvancedAccountSearch description" control-type="standard" api-version="1.3.2"><external-service-usage enabled="false" /><property name="value" display-name-key="Auto Complete Field?" description-key="Select the field that you want this auto complete fuction to be bound too." of-type="SingleLine.Text" usage="bound" required="true" /><property name="searchText" display-name-key="SearchText_Display_Key" description-key="SearchText_Desc_Key" of-type="SingleLine.Text" usage="bound" required="true" /><resources><code path="bundle.js" order="1" /><css path="css/fabric.min.css" order="1" /><css path="css/fabric.components.min.css" order="1" /><resx path="strings/WebAPIControl.1033.resx" version="1.0.0" /></resources><feature-usage><uses-feature name="Utility" required="true" /><uses-feature name="WebAPI" required="true" /></feature-usage><built-by name="pac" version="1.8.6" /></control></manifest>